Date,^GSPC,GGAL.BA,YPFD.BA,PAMP.BA,APBR.BA,SUPV.BA,BMA.BA
3-Jan-14,1831.98,8.68,280.19,1.9,59.43,,18.34
7-Jan-14,1826.77,8.43,280.19,1.95,58.44,,17.26
8-Jan-14,1837.88,8.68,286.47,1.9,58.44,,17.87
9-Jan-14,1837.49,8.79,286.52,1.91,57.45,,18.13
10-Jan-14,1838.13,8.6,285.02,1.9,57.95,,18.04
14-Jan-14,1819.2,8.8,301.15,1.94,59.63,,18.56
15-Jan-14,1838.88,8.69,297.53,1.91,59.43,,18.38
16-Jan-14,1848.38,8.96,300.96,1.96,62.21,,18.9
17-Jan-14,1845.89,9.16,310.14,2.02,63.4,,19.98
21-Jan-14,1845.89,9.64,318.84,2.07,62.9,,20.89
22-Jan-14,1843.8,9.54,305.31,2.02,62.06,,20.71
23-Jan-14,1844.86,9.6,298.06,2.05,63.89,,21.15
24-Jan-14,1828.46,9.05,270.53,1.92,65.38,,19.59
28-Jan-14,1781.56,9.16,269.56,1.76,61.41,,19.16
29-Jan-14,1792.5,9.01,273.43,1.79,62.6,,18.69
30-Jan-14,1774.2,8.77,258.93,1.82,62.65,,18.25
31-Jan-14,1794.19,8.95,268.11,1.93,63.79,,18.56
4-Feb-14,1741.89,8.92,269.95,2.11,67.26,,18.99
5-Feb-14,1755.2,9.21,282.6,2.13,67.36,,18.43
6-Feb-14,1751.64,8.84,271.49,2.04,64.19,,17.87
7-Feb-14,1773.43,8.85,269.56,2,64.88,,17.52
11-Feb-14,1799.84,8.38,241.54,1.79,59.33,,16.83
12-Feb-14,1819.75,8.72,256.03,1.86,62.7,,17.31
13-Feb-14,1819.26,9.31,274.39,1.95,62.26,,18.3
14-Feb-14,1829.83,9.51,281.64,1.9,61.91,,18.9
18-Feb-14,1829.83,10.18,285.6,2.2,60.42,,20.37
19-Feb-14,1840.76,10.03,283.09,2.17,59.33,,20.24
20-Feb-14,1828.75,9.84,282.12,2.1,59.09,,19.68
21-Feb-14,1839.78,9.74,279.17,2.1,59.33,,20.02
25-Feb-14,1847.61,9.79,286.95,2.16,60.32,,20.71
26-Feb-14,1845.12,9.62,278.26,2.1,58.89,,20.37
27-Feb-14,1845.16,9.62,276.32,2.06,56.96,,20.37
28-Feb-14,1854.29,9.62,276.32,2.06,56.96,,20.37
4-Mar-14,1845.73,9.79,265.55,2.06,56.66,,20.28
5-Mar-14,1873.91,9.79,265.55,2.06,56.66,,20.28
6-Mar-14,1873.81,9.94,266.66,1.98,55.47,,20.54
7-Mar-14,1877.03,10.42,277.77,2.05,56.96,,21.49
11-Mar-14,1877.17,10.08,278.26,1.99,54.48,,21.58
12-Mar-14,1867.63,9.89,282.12,1.99,54.48,,20.71
13-Mar-14,1868.2,9.79,282.12,1.98,55.07,,20.46
14-Mar-14,1846.34,9.64,272.46,1.97,54.08,,20.2
18-Mar-14,1858.83,10.08,281.64,1.95,51.51,,21.15
19-Mar-14,1872.25,10.66,288.79,1.96,53.24,,22.18
20-Mar-14,1860.77,10.52,288.88,1.96,55.62,,21.58
21-Mar-14,1872.01,10.76,291.78,1.98,59.24,,22.05
25-Mar-14,1857.44,10.76,291.78,1.98,59.24,,22.05
26-Mar-14,1865.62,11.49,300,2.07,62.8,,23.52
27-Mar-14,1852.56,11.29,294.2,2.16,61.81,,22.87
28-Mar-14,1849.04,11.54,289.85,2.26,63.89,,22.87
1-Apr-14,1872.34,11.73,303.38,2.28,64.19,,23.91
2-Apr-14,1885.52,12.17,300.48,2.34,64.88,,24.51
3-Apr-14,1890.9,12.17,300.48,2.34,64.88,,24.51
4-Apr-14,1888.77,12.65,298.3,2.44,64.12,,25.03
8-Apr-14,1845.04,12.5,286.95,2.43,67.91,,25.85
9-Apr-14,1851.96,12.8,284.3,2.56,66.91,,26.41
10-Apr-14,1872.18,12.5,285.26,2.54,65.42,,26.33
11-Apr-14,1833.08,12.41,281.16,2.61,64.92,,26.41
15-Apr-14,1830.61,12.07,275.16,2.5,65.22,,25.98
16-Apr-14,1842.98,12.02,272.07,2.43,63.52,,25.98
17-Apr-14,1862.31,12.36,282.12,2.49,65.02,,26.15
18-Apr-14,1864.85,12.36,282.12,2.49,65.02,,26.15
22-Apr-14,1871.89,12.41,276.81,2.53,66.91,,25.81
23-Apr-14,1879.55,12.84,284.05,2.62,65.91,,26.5
24-Apr-14,1875.39,13.04,280.19,2.8,66.16,,27.19
25-Apr-14,1878.61,13.13,280.43,2.79,66.11,,26.93
29-Apr-14,1869.43,12.94,270.77,3.01,68.91,,25.89
30-Apr-14,1878.33,12.89,276.81,2.95,70.16,,26.07
1-May-14,1883.95,12.89,274.59,2.92,69.11,,25.63
2-May-14,1883.68,12.89,274.59,2.92,69.11,,25.63
6-May-14,1884.66,12.89,279.51,3.02,71.01,,26.67
7-May-14,1867.72,12.75,268.59,2.97,74.4,,26.33
8-May-14,1878.21,12.99,288.88,2.91,74.2,,26.76
9-May-14,1875.63,12.5,295.65,2.8,72.06,,25.89
13-May-14,1896.65,12.41,295.65,2.9,73.65,,25.46
14-May-14,1897.45,12.31,290.82,3.02,74.9,,25.63
15-May-14,1888.53,12.26,295.16,3.02,76.1,,25.85
16-May-14,1870.85,12.02,296.61,2.9,75.9,,25.55
20-May-14,1885.08,13.09,308.98,3.01,80.9,,27.62
21-May-14,1872.83,13.31,310.62,3,79.9,,27.79
22-May-14,1888.03,13.26,301.44,3.29,80.9,,28.05
23-May-14,1892.49,13.36,305.31,3.44,80.5,,28.4
27-May-14,1892.49,13.31,321.83,3.47,81.39,,28.09
28-May-14,1911.91,13.31,316.81,3.58,81.39,,28.31
29-May-14,1909.78,13.36,321.73,3.75,82.39,,28.4
30-May-14,1920.03,14.04,321.73,3.92,79.85,,29.61
3-Jun-14,1924.97,14.04,321.73,3.84,74.1,,29.61
4-Jun-14,1924.24,14.38,315.94,3.82,74.2,,30.86
5-Jun-14,1927.88,14.67,317.97,3.75,72.21,,30.94
6-Jun-14,1940.46,15.11,314.49,3.88,72.01,,32.28
10-Jun-14,1951.27,15.69,328.5,4.12,80.1,,34.18
11-Jun-14,1950.79,15.4,338.16,3.88,79.55,,33.96
12-Jun-14,1943.89,14.38,341.93,3.94,82.34,,31.42
13-Jun-14,1930.11,14.28,338.16,3.89,81.59,,30.73
17-Jun-14,1937.78,12.73,292.75,3.56,80.5,,27.62
18-Jun-14,1941.99,13.11,309.66,3.74,82.19,,28.91
19-Jun-14,1956.98,13.6,326.57,3.81,84.29,,29.09
20-Jun-14,1959.48,12.68,314.97,3.67,80.6,,27.19
24-Jun-14,1962.61,14.67,344.92,4,78.9,,32.15
25-Jun-14,1949.98,14.52,339.17,3.89,76.9,,31.24
26-Jun-14,1959.53,14.86,339.61,3.9,74.7,,32.54
27-Jun-14,1957.22,14.38,329.46,3.84,74.9,,32.38
1-Jul-14,1960.23,14.33,321.73,3.93,74.8,,32.82
2-Jul-14,1973.32,14.81,328.5,4.04,74,,33.27
3-Jul-14,1974.62,14.81,335.26,4.13,73.4,,34.86
4-Jul-14,1985.44,14.77,334.2,4.07,74.4,,34.33
8-Jul-14,1977.65,14.96,334.28,3.99,73.21,,34.78
9-Jul-14,1963.71,15.35,345.86,4.19,73.4,,34.78
10-Jul-14,1972.83,15.35,345.86,4.19,73.4,,34.78
11-Jul-14,1964.68,16.22,365.01,4.49,75.6,,37.7
15-Jul-14,1977.1,16.27,366.46,4.5,79.8,,41.21
16-Jul-14,1973.28,15.64,359.09,4.4,79.8,,38.32
17-Jul-14,1981.57,15.93,355.31,4.25,80.35,,37.84
18-Jul-14,1958.12,15.79,349.01,4,79.9,,37.79
22-Jul-14,1973.63,15.54,353.86,4.09,85.79,,38.5
23-Jul-14,1983.53,15.54,353.86,4.09,85.79,,38.5
24-Jul-14,1987.01,14.62,344.16,3.91,84.09,,36.37
25-Jul-14,1987.98,14.77,353.08,3.91,83.29,,37.44
29-Jul-14,1978.91,13.75,335.44,3.66,84.89,,34.42
30-Jul-14,1969.95,15.11,357.74,4.02,84.09,,37.26
31-Jul-14,1970.07,16.71,380.03,4.55,83.89,,40.36
1-Aug-14,1930.67,15.4,342.22,4.06,79.8,,37.17
5-Aug-14,1938.99,15.2,341.98,4.31,82.39,,36.37
6-Aug-14,1920.21,14.18,335.44,4.1,84.19,,34.15
7-Aug-14,1920.24,14.23,341.26,4.2,85.84,,33.89
8-Aug-14,1909.57,14.81,341.16,4.35,84.89,,34.6
12-Aug-14,1936.92,14.43,336.89,4.32,87.49,,34.38
13-Aug-14,1933.75,14.67,345.13,4.39,89.88,,35.93
14-Aug-14,1946.72,14.81,349.01,4.34,87.89,,36.68
15-Aug-14,1955.18,14.09,346.1,4.22,89.78,,35.93
19-Aug-14,1971.74,14.67,364.52,4.37,96.18,,36.59
20-Aug-14,1981.6,14.67,375.91,4.51,100.87,,36.99
21-Aug-14,1986.51,14.57,381,4.38,108.61,,36.82
22-Aug-14,1992.37,14.57,381,4.38,108.61,,36.82
26-Aug-14,1997.92,15.4,399.42,4.52,110.91,,38.5
27-Aug-14,2000.02,15.35,408.15,4.45,114.85,,39.03
28-Aug-14,2000.12,15.74,417.36,4.55,123.84,,40.72
29-Aug-14,1996.74,15.83,415.86,4.49,123.34,,40.59
2-Sep-14,1996.74,15.64,418.81,4.58,132.68,,39.57
3-Sep-14,2002.28,16.13,425.12,4.58,135.02,,40.72
4-Sep-14,2000.72,17,446.44,4.86,131.18,,42.76
5-Sep-14,1997.65,16.27,427.54,4.69,122.34,,41.43
9-Sep-14,2001.54,17.58,444.26,5.24,121.99,,45.42
10-Sep-14,1988.44,17.53,447.41,5.32,120.74,,44.71
11-Sep-14,1995.69,18.02,453.71,5.3,116.35,,44.8
12-Sep-14,1997.45,18.41,458.56,5.4,118.45,,46.13
16-Sep-14,1984.13,18.85,461.57,5.5,111.46,,47.02
17-Sep-14,1998.98,19.43,488.62,5.77,118.75,,48.44
18-Sep-14,2001.57,19.58,488.62,5.72,120.79,,49.59
19-Sep-14,2011.36,19.53,488.13,5.65,117.85,,49.94
23-Sep-14,1994.29,20.06,516.73,6,119.84,,53.09
24-Sep-14,1982.77,19.72,515.76,6.13,115.5,,51.99
25-Sep-14,1998.3,19.87,520.12,6.14,117.25,,51.45
26-Sep-14,1965.99,19.53,512.46,6.04,113.85,,51.45
30-Sep-14,1977.8,20.64,534.18,6.5,110.66,,52.96
1-Oct-14,1972.29,20.4,540.97,6.41,107.86,,50.12
2-Oct-14,1946.16,19.14,487.65,5.82,97.07,,49.24
3-Oct-14,1946.17,17.39,453.23,5.47,95.88,,45.69
7-Oct-14,1964.82,16.22,462.44,5.63,109.86,,42.14
8-Oct-14,1935.1,16.17,447.9,5.57,117.35,,41.69
9-Oct-14,1968.89,15.93,443.05,5.64,113.85,,41.69
10-Oct-14,1928.21,15.35,412.37,5.29,113.35,,38.32
14-Oct-14,1874.74,15.06,404.27,5.25,104.96,,37.97
15-Oct-14,1877.7,14.91,393.61,5,112.6,,37.26
16-Oct-14,1862.49,15.06,387.79,4.78,102.77,,36.82
17-Oct-14,1862.76,15.64,401.36,5.08,99.27,,38.94
21-Oct-14,1904.01,18.36,424.15,5.9,98.87,,43.03
22-Oct-14,1941.28,17.92,434.33,5.68,91.38,,42.58
23-Oct-14,1927.11,17.39,422.21,5.5,86.89,,41.52
24-Oct-14,1950.82,17.05,407.13,5.32,80.9,,40.81
28-Oct-14,1961.63,17.49,407.18,5.57,76.4,,42.4
29-Oct-14,1985.05,18.26,404.27,5.52,77.5,,44.93
30-Oct-14,1982.3,17.63,400.39,5.49,73.4,,44.09
31-Oct-14,1994.65,18.22,416.87,5.71,75.65,,45.24
4-Nov-14,2017.81,19.72,456.62,6.25,74.9,,50.97
5-Nov-14,2012.1,19.19,433.36,6.13,74.1,,49.81
6-Nov-14,2023.57,19.09,430.45,6,73.3,,48.79
7-Nov-14,2031.21,19.09,430.45,6,73.3,,48.79
11-Nov-14,2038.26,18.56,422.69,5.87,66.41,,46.31
12-Nov-14,2039.68,18.07,417.8,5.7,66.76,,45.07
13-Nov-14,2038.25,17.97,404.08,5.51,65.22,,44.8
14-Nov-14,2039.33,18.17,398.45,5.37,63.17,,43.91
18-Nov-14,2041.32,18.22,387.79,5.2,56.13,,44.36
19-Nov-14,2051.8,18.26,381.05,5.47,56.93,,45.07
20-Nov-14,2048.72,17.78,375.19,5.3,56.93,,43.91
21-Nov-14,2052.75,18.02,388.76,5.39,58.87,,43.91
25-Nov-14,2069.41,18.26,395.45,5.79,65.91,,44.71
26-Nov-14,2067.03,18.26,405.24,5.47,63.12,,45.69
27-Nov-14,2072.83,18.7,405.73,5.59,63.92,,47.28
28-Nov-14,2072.83,18.8,401.36,5.62,62.12,,47.73
2-Dec-14,2053.44,18.02,368.4,5.12,53.43,,43.47
3-Dec-14,2066.55,18.17,358.22,5.15,53.93,,43.91
4-Dec-14,2074.33,18.6,366.46,5.37,56.93,,46.13
5-Dec-14,2071.92,18.6,360.65,5.2,53.58,,45.86
9-Dec-14,2060.31,18.6,360.65,5.2,53.58,,45.86
10-Dec-14,2059.82,17.34,311.2,5.24,48.04,,43.82
11-Dec-14,2026.14,16.03,287.93,4.8,44.14,,40.81
12-Dec-14,2035.33,17.19,300.54,5.07,43.74,,42.45
16-Dec-14,1989.63,15.83,247.22,4.32,34.95,,39.21
17-Dec-14,1972.74,15.74,258.85,4.3,37.1,,38.59
18-Dec-14,2012.89,16.32,276.3,4.4,38.75,,39.03
19-Dec-14,2061.23,16.37,269.03,4.25,39.45,,39.92
23-Dec-14,2078.54,17.49,278.24,4.39,43.44,,43.47
24-Dec-14,2082.17,17.88,281.15,4.51,44.54,,45.02
25-Dec-14,2081.88,17.88,281.15,4.51,44.54,,45.02
29-Dec-14,2081.88,17.88,281.15,4.51,44.54,,45.02
30-Dec-14,2090.57,17.58,293.75,4.55,41.45,,43.78
31-Dec-14,2080.35,17.97,305.38,4.41,44.04,,43.91
1-Jan-15,2058.9,17.97,305.38,4.41,44.04,,43.91
5-Jan-15,2058.9,17.97,305.38,4.41,44.04,,43.91
6-Jan-15,2020.58,17.39,289.39,4.45,36.8,,43.03
7-Jan-15,2002.61,17.58,288.18,4.36,36.3,,42.14
8-Jan-15,2025.9,17.97,289.82,4.6,38.9,,43.47
9-Jan-15,2062.14,17.92,288.9,4.93,41.75,,43.47
13-Jan-15,2028.26,18.07,279.21,4.84,40.05,,44.36
14-Jan-15,2023.03,18.8,268.54,4.9,41.15,,44.36
15-Jan-15,2011.27,19.53,279.69,4.98,42.1,,47.02
16-Jan-15,1992.67,19.28,280.18,4.94,43.14,,47.02
20-Jan-15,1992.67,19.87,286.96,5.05,42.94,,46.84
21-Jan-15,2022.55,20.35,281.24,5.09,42.54,,46.13
22-Jan-15,2032.12,19.96,284.54,5.2,44.89,,44.27
23-Jan-15,2063.15,19.53,292.68,5.17,46.74,,42.18
27-Jan-15,2057.09,19.53,289.87,5.33,45.09,,43.38
28-Jan-15,2029.55,19.92,298.6,5.59,46.19,,42.58
29-Jan-15,2002.16,19.92,287.93,5.75,42,,43.47
30-Jan-15,2021.25,19.33,275.91,5.57,39.35,,41.96
3-Feb-15,2020.85,19.92,280.18,5.45,39.15,,43.38
4-Feb-15,2050.03,20.16,292.78,5.59,43.74,,44.22
5-Feb-15,2041.51,20.16,290.36,5.6,43.74,,45.24
6-Feb-15,2062.52,20.16,295.69,5.8,43.34,,45.69
10-Feb-15,2046.74,20.3,296.17,5.7,41.05,,46.8
11-Feb-15,2068.59,20.94,293.75,5.72,38.6,,47.86
12-Feb-15,2068.53,21.37,298.6,5.74,38.95,,49.15
13-Feb-15,2088.48,21.47,307.81,5.8,40.55,,50.92
17-Feb-15,2088.48,21.47,307.81,5.8,40.55,,50.92
18-Feb-15,2100.34,21.47,307.81,5.8,40.55,,50.92
19-Feb-15,2099.68,22.73,318.47,5.85,41.65,,55
20-Feb-15,2097.45,23.32,311.69,5.8,40.35,,55.53
24-Feb-15,2109.66,24.82,297.63,6.05,38.5,,59.44
25-Feb-15,2115.48,24.97,294.72,6.09,40.25,,58.64
26-Feb-15,2113.86,24.24,297.14,6.15,38.65,,57.57
27-Feb-15,2110.74,23.41,287.45,6.15,37.55,,52.43
3-Mar-15,2117.39,24.14,296.17,6.24,38.1,,53.23
4-Mar-15,2107.78,24.04,302.48,6.44,38.45,,52.74
5-Mar-15,2098.53,24.24,306.26,6.5,36.95,,54.47
6-Mar-15,2101.04,25.16,310.23,6.9,36.65,,57.22
10-Mar-15,2079.43,26.23,301.51,7.4,33.46,,59.26
11-Mar-15,2044.16,26.23,296.17,7.19,31.71,,59.17
12-Mar-15,2040.24,26.42,302.48,7.59,32.66,,59.44
13-Mar-15,2065.95,26.96,309.31,7.53,30.96,,58.9
17-Mar-15,2081.19,29.05,325.65,8.48,31.16,,65.65
18-Mar-15,2074.28,30.02,327.2,8.98,32.56,,69.91
19-Mar-15,2099.5,30.12,336.41,8.92,34.36,,69.77
20-Mar-15,2089.27,29.63,335.73,9.15,32.36,,68.75
24-Mar-15,2104.42,29.63,335.73,9.15,32.36,,68.75
25-Mar-15,2091.5,29.63,335.73,9.15,32.36,,68.75
26-Mar-15,2061.05,28.76,334.42,8.81,36.25,,64.32
27-Mar-15,2056.15,26.96,320.41,8,34.71,,61.21
31-Mar-15,2086.24,28.17,325.36,8.37,36.05,,64.36
1-Apr-15,2067.89,26.96,321.38,8.39,37.1,,62.05
2-Apr-15,2059.69,27.35,327.68,8.48,38.95,,63.7
3-Apr-15,2066.96,27.35,327.68,8.48,38.95,,63.7
7-Apr-15,2080.62,27.69,346.01,8.71,41.35,,63.38
8-Apr-15,2076.33,27.44,347.27,8.51,41.95,,62.63
9-Apr-15,2081.9,26.72,345.13,8.53,41.15,,61.92
10-Apr-15,2091.18,26.67,352.89,8.46,44.19,,60.32
14-Apr-15,2092.43,26.62,361.61,8.38,47.59,,59.88
15-Apr-15,2095.84,26.76,364.04,8.24,49.59,,60.1
16-Apr-15,2106.63,26.18,363.07,8.2,52.63,,59.26
17-Apr-15,2104.99,26.13,358.22,8.16,52.53,,59.44
21-Apr-15,2100.4,25.36,340.29,7.84,51.53,,56.86
22-Apr-15,2097.29,25.21,327.68,7.55,49.54,,55.89
23-Apr-15,2107.96,26.04,342.71,7.81,51.93,,58.11
24-Apr-15,2112.93,27.01,349.5,8.12,55.93,,61.21
28-Apr-15,2108.92,26.18,351.44,8.3,54.18,,60.24
29-Apr-15,2114.76,26.47,352.16,8.37,54.53,,61.21
30-Apr-15,2106.85,26.52,354.78,8.05,55.53,,60.24
1-May-15,2085.51,25.45,349.98,7.78,55.63,,58.55
5-May-15,2114.49,25.79,355.8,8.34,57.33,,59.17
6-May-15,2089.46,24.82,357.25,8.29,59.82,,57.22
7-May-15,2080.15,24.19,354.83,7.97,56.93,,55.89
8-May-15,2088,24.43,350.76,7.88,58.02,,56.33
12-May-15,2105.33,25.74,347.07,7.84,57.63,,57.88
13-May-15,2099.12,25.55,358.22,7.94,57.92,,57.49
14-May-15,2098.48,25.65,350.95,7.79,58.17,,57.4
15-May-15,2121.1,26.04,352.89,7.85,59.42,,59.08
19-May-15,2129.2,25.99,341.64,7.75,57.13,,57.66
20-May-15,2127.83,25.62,335.92,7.5,53.33,,56.6
21-May-15,2125.85,25.53,334.95,7.4,54.33,,57.4
22-May-15,2130.82,24.99,329.62,7.14,55.93,,55.89
26-May-15,2130.82,24.99,329.62,7.14,55.93,,55.89
27-May-15,2104.2,23.77,314.11,6.86,49.39,,54.07
28-May-15,2123.48,23.92,313.14,6.86,50.43,,53.67
29-May-15,2120.79,23.72,314.11,6.72,50.58,,53.63
2-Jun-15,2111.73,23.14,313.92,6.65,48.44,,51.67
3-Jun-15,2109.6,25.33,325.55,7.25,52.43,,56.82
4-Jun-15,2114.07,24.5,317.99,6.9,51.23,,54.56
5-Jun-15,2095.84,25.62,322.35,7.19,50.09,,56.2
9-Jun-15,2079.28,24.75,324.29,7,50.93,,54.11
10-Jun-15,2080.15,24.75,328.65,7.14,52.83,,55
11-Jun-15,2105.2,24.36,327.68,7.08,52.83,,53.23
12-Jun-15,2108.86,24.75,327.68,7.1,53.13,,53.4
16-Jun-15,2084.43,23.87,322.84,6.85,53.88,,52.34
17-Jun-15,2096.29,23.82,317.99,6.7,56.43,,51.36
18-Jun-15,2100.44,22.46,311.2,6.46,57.23,,49.68
19-Jun-15,2121.24,22.31,317.02,6.35,58.77,,48.35
23-Jun-15,2122.85,23.87,334.95,6.97,57.63,,52.25
24-Jun-15,2124.2,23.53,333.74,7,57.48,,51.72
25-Jun-15,2108.58,23.29,335.44,6.96,58.27,,50.57
26-Jun-15,2102.31,23.97,337.52,7.02,56.08,,51.54
30-Jun-15,2057.64,23.14,330.59,6.78,56.43,,50.57
1-Jul-15,2063.11,23.97,342.22,7.07,58.07,,52.87
2-Jul-15,2077.42,23.77,344.89,7.3,56.83,,53.23
3-Jul-15,2076.78,24.02,349.98,7.48,57.43,,53.23
7-Jul-15,2068.76,24.94,345.62,7.88,54.08,,52.83
8-Jul-15,2081.34,25.23,341.21,7.8,54.88,,53.45
9-Jul-15,2046.68,24.6,328.56,7.59,52.58,,53.67
10-Jul-15,2051.31,24.6,328.56,7.59,52.58,,53.67
14-Jul-15,2099.6,26.11,326.66,8.04,56.08,,56.86
15-Jul-15,2108.95,26.79,340.96,8.3,56.93,,58.37
16-Jul-15,2107.4,27.43,333.5,8.72,55.48,,58.95
17-Jul-15,2124.29,27.77,329.82,9,55.13,,59.61
21-Jul-15,2128.28,26.6,323.8,8.8,50.38,,55.89
22-Jul-15,2119.21,26.94,324.77,8.89,51.53,,56.33
23-Jul-15,2114.15,25.82,326.02,8.45,48.44,,54.42
24-Jul-15,2102.15,25.72,321.56,8.5,47.34,,53.32
28-Jul-15,2067.64,23.04,300.89,7.94,40.95,,48.7
29-Jul-15,2093.25,23.43,297.96,8.1,44.29,,49.77
30-Jul-15,2108.57,24.16,308.71,8.27,47.74,,50.12
31-Jul-15,2108.63,25.18,302.36,8.27,45.99,,51.01
4-Aug-15,2098.04,24.94,295.03,8.05,42.84,,51.59
5-Aug-15,2093.32,24.26,293.96,8.01,43.04,,49.46
6-Aug-15,2099.84,25.04,300.89,8.11,42.64,,51.19
7-Aug-15,2083.56,26.6,309.2,8.51,43.24,,53.76
11-Aug-15,2104.18,28.4,324.78,9.04,43.34,,58.82
12-Aug-15,2084.07,27.38,328.25,8.8,42.44,,57.13
13-Aug-15,2086.05,27.38,321.16,8.99,43.19,,57.66
14-Aug-15,2083.39,28.06,325.12,9.1,41.45,,60.59
18-Aug-15,2102.44,28.06,325.12,9.1,41.45,,60.59
19-Aug-15,2096.92,26.94,314.57,8.9,39.35,,56.15
20-Aug-15,2079.61,25.72,306.76,8.85,37.85,,54.56
21-Aug-15,2035.73,25.33,298.89,8.75,38.85,,53.23
25-Aug-15,1893.21,23.09,269.63,8,33.96,,49.5
26-Aug-15,1867.61,23.19,258.89,8,34.46,,50.3
27-Aug-15,1940.51,25.33,267.19,8.42,35,,53.67
28-Aug-15,1987.66,26.31,281.36,8.89,40.25,,55.09
1-Sep-15,1972.18,25.77,291.12,8.9,40.95,,55.89
2-Sep-15,1913.85,25.33,286.24,8.82,38.15,,53.94
3-Sep-15,1948.86,25.38,290.15,8.88,38.45,,54.11
4-Sep-15,1951.13,26.16,294.06,9.18,38.85,,55
8-Sep-15,1951.13,26.55,295.52,9.24,36.4,,56.42
9-Sep-15,1969.41,27.57,300.89,9.44,37.65,,58.02
10-Sep-15,1942.04,27.91,300.89,9.6,36.75,,58.59
11-Sep-15,1952.29,28.11,302.6,9.5,34.85,,59.3
15-Sep-15,1953.03,27.67,286.24,9.19,33.31,,57.75
16-Sep-15,1978.09,27.57,278.42,9.28,32.41,,57.66
17-Sep-15,1995.31,26.79,279.4,9,34.66,,56.24
18-Sep-15,1990.2,26.31,283.31,9.52,34.46,,55
22-Sep-15,1966.97,25.72,252.05,9.24,31.56,,52.21
23-Sep-15,1942.74,23.87,235.44,8.8,28.56,,48.3
24-Sep-15,1938.76,23.43,226.16,9,27.86,,46.31
25-Sep-15,1932.24,23.09,213.95,9,26.82,,46.49
29-Sep-15,1881.77,23.38,204.18,8.55,25.37,,46.75
30-Sep-15,1884.09,24.55,206.62,8.5,26.67,,47.9
1-Oct-15,1920.03,24.21,209.06,8.4,29.21,,48.48
2-Oct-15,1923.82,23.19,202.22,8.1,29.11,,45.24
6-Oct-15,1987.05,24.36,228.11,8.75,34.46,,47.82
7-Oct-15,1979.92,24.02,240.32,8.63,36.45,,46.57
8-Oct-15,1995.83,25.33,257.81,8.5,36.75,,49.28
9-Oct-15,2013.43,26.31,264.75,8.69,38.55,,53.23
13-Oct-15,2017.46,26.31,264.75,8.69,38.55,,53.23
14-Oct-15,2003.69,26.99,238.37,9.13,34.16,,54.56
15-Oct-15,1994.24,27.08,239.35,9.3,34.71,,54.03
16-Oct-15,2023.86,27.96,240.32,9.37,35.95,,55
20-Oct-15,2033.66,28.45,236.32,9.97,35.05,,55.45
21-Oct-15,2030.77,28.35,236.42,9.91,35.35,,55.89
22-Oct-15,2018.94,28.01,231.53,9.76,34.06,,55
23-Oct-15,2052.51,28.16,244.23,9.91,35.75,,54.74
27-Oct-15,2071.18,32.3,264.75,12.1,34.21,,66.76
28-Oct-15,2065.89,32.15,253.02,12.35,32.81,,66.53
29-Oct-15,2090.35,35.56,270.61,12.7,33.21,,75.41
30-Oct-15,2089.41,34.98,274.37,12.95,32.46,,74.52
3-Nov-15,2104.05,34.59,287.22,13.3,33.71,,73.54
4-Nov-15,2109.79,33.81,291.12,12.8,37.65,,70.75
5-Nov-15,2102.31,34.29,293.08,13,36.2,,73.63
6-Nov-15,2099.93,34.34,292.1,13.1,36.2,,74.52
10-Nov-15,2078.58,35.37,287.22,13,35.4,,75.41
11-Nov-15,2081.72,36.44,292.1,13.5,35.65,,76.82
12-Nov-15,2075,36.73,289.17,14.05,35.15,,77.4
13-Nov-15,2045.97,36.58,283.31,14.5,34.26,,78.51
17-Nov-15,2053.19,38.58,297.96,14.6,36.15,,84.28
18-Nov-15,2050.44,39.51,291.12,14.65,36.35,,87.56
19-Nov-15,2083.58,39.36,289.17,14.65,37.35,,85.61
20-Nov-15,2081.24,39.21,295.03,14.65,37.65,,84.28
24-Nov-15,2086.59,39.21,295.03,14.65,37.65,,84.28
25-Nov-15,2089.14,36.24,271.59,13,40.65,,77.89
26-Nov-15,2088.87,34.25,262.79,12.3,37.3,,72.74
27-Nov-15,2088.87,36.05,273.54,12.2,37.4,,75.41
1-Dec-15,2080.41,36.1,260.84,12.8,35.3,,75.18
2-Dec-15,2102.63,35.46,255.47,12.7,34.95,,76.29
3-Dec-15,2079.51,35.02,254.98,12.3,35.05,,74.7
4-Dec-15,2049.62,34.39,252.05,12.05,38.5,,73.19
8-Dec-15,2077.07,34.39,252.05,12.05,38.5,,73.19
9-Dec-15,2063.59,34.39,252.05,12.05,38.5,,73.19
10-Dec-15,2047.62,37.27,250.09,13.4,37.05,,77.98
11-Dec-15,2052.23,36.49,247.16,13.65,36.05,,75.41
15-Dec-15,2021.94,34,229.58,12,34.16,,69.99
16-Dec-15,2043.41,34.49,231.53,12,33.91,,69.59
17-Dec-15,2073.07,33.9,227.62,11.75,32.91,,69.2
18-Dec-15,2041.89,35.02,225.67,12.4,31.86,,72.3
22-Dec-15,2021.15,32.88,214.68,11.2,28.71,,65.2
23-Dec-15,2038.97,34.15,214.92,11.5,30.31,,67.86
24-Dec-15,2064.29,35.76,226.16,12.3,31.51,,71.59
25-Dec-15,2060.99,35.76,226.16,12.3,31.51,,71.59
29-Dec-15,2056.5,34.68,224.69,11.85,30.41,,69.2
30-Dec-15,2078.36,35.61,220.79,11.7,30.01,,70.08
31-Dec-15,2063.36,35.85,214.88,11.6,29.76,,70.97
1-Jan-16,2043.94,35.85,214.88,11.6,29.76,,70.97
5-Jan-16,2012.66,34.98,214.92,11.05,29.96,,70.53
6-Jan-16,2016.71,35.41,213.9,11,29.61,,71.64
7-Jan-16,1990.26,35.46,210.09,11.25,28.76,,73.19
8-Jan-16,1943.09,35.66,212.97,11.15,28.46,,74.52
12-Jan-16,1923.67,35.07,196.36,11.15,26.87,,70.97
13-Jan-16,1938.68,35.07,191.97,11,24.52,,72.3
14-Jan-16,1890.28,34.68,182.69,10.95,23.47,,72.97
15-Jan-16,1921.84,34.68,190.5,11.4,25.12,,74.07
19-Jan-16,1921.84,32.49,179.75,10.15,22.57,,67.47
20-Jan-16,1881.33,32.88,181.71,10.45,21.22,,71.15
21-Jan-16,1859.33,31.66,174.87,9.85,20.47,,66.18
22-Jan-16,1868.99,33.27,188.55,10.4,21.62,,69.2
26-Jan-16,1877.08,35.27,202.71,11.95,21.77,,73.81
27-Jan-16,1903.63,36.19,206.13,11.8,21.07,,75.01
28-Jan-16,1882.95,36.54,211.99,12.3,22.57,,75.23
29-Jan-16,1893.36,35.95,219.81,12.55,22.72,,74.65
2-Feb-16,1939.38,38.14,229.58,12.45,23.62,,79.18
3-Feb-16,1903.03,38.78,223.72,12.95,22.02,,78.6
4-Feb-16,1912.53,38.09,227.14,12.75,23.32,,77.18
5-Feb-16,1915.45,38.78,239.84,12.9,24.42,,78.82
9-Feb-16,1853.44,38.78,239.84,12.9,24.42,,78.82
10-Feb-16,1852.21,38.78,239.84,12.9,24.42,,78.82
11-Feb-16,1851.86,39.75,229.58,13.35,23.52,,84.01
12-Feb-16,1829.08,38.78,223.72,12.85,22.27,,81.08
16-Feb-16,1829.08,39.75,244.72,12.75,24.07,,84.72
17-Feb-16,1895.58,40.77,245.21,13,23.32,,88.27
18-Feb-16,1926.82,42.77,259.62,13.25,25.32,,90.93
19-Feb-16,1917.83,41.8,261.82,13.15,24.67,,90.93
23-Feb-16,1945.5,42.67,278.42,13.85,27.41,,92.88
24-Feb-16,1921.27,43.11,275.25,13.95,27.51,,93.81
25-Feb-16,1929.8,43.99,283.31,14,27.46,,94.92
26-Feb-16,1951.7,45.45,288.19,14.45,27.66,,98.91
1-Mar-16,1932.23,45.3,281.36,14.25,29.11,,95.14
2-Mar-16,1978.35,45.74,278.91,13.95,30.76,,95.81
3-Mar-16,1986.45,45.6,286.73,13.35,32.11,,95.37
4-Mar-16,1993.4,44.33,279.4,12.95,35.75,,94.48
8-Mar-16,2001.76,41.75,274.03,12.35,38.95,,88.71
9-Mar-16,1979.26,42.28,277.94,12.4,39.95,,89.6
10-Mar-16,1989.26,42.38,268.85,12.4,39.15,,90.04
11-Mar-16,1989.57,42.28,259.86,12.35,39.75,,88.71
15-Mar-16,2019.64,41.26,244.23,11.8,37.95,,85.21
16-Mar-16,2015.93,40.68,234.46,11.5,34.21,,85.92
17-Mar-16,2027.22,41.55,238.86,12.3,36.8,,86.8
18-Mar-16,2040.59,41.55,249.12,12.2,41.05,,87.38
22-Mar-16,2051.6,41.89,255.95,11.7,40.95,,86.67
23-Mar-16,2049.8,41.41,255.95,11.95,41,,86.31
24-Mar-16,2036.71,40.43,251.07,11.7,38.2,,85.5
25-Mar-16,2035.94,40.43,251.07,11.7,38.2,,85.5
29-Mar-16,2037.05,41.21,254.88,12.1,41.75,,86.57
30-Mar-16,2055.01,40.43,254,12.15,42.44,,83.99
31-Mar-16,2063.95,39.9,249.6,12.15,42.94,,82.48
1-Apr-16,2059.74,40.09,256.44,12.6,41.85,,83.99
5-Apr-16,2066.13,39.95,245.89,12.45,39,,84.7
6-Apr-16,2045.17,38.97,240.32,12.25,38.95,,81.5
7-Apr-16,2066.66,37.95,239.1,11.85,39.05,,77.49
8-Apr-16,2041.91,36.44,233,11.3,38.45,,74.82
12-Apr-16,2041.99,36.78,241.5,11.5,42.05,,74.82
13-Apr-16,2061.72,38.05,254.98,11.7,45.74,,78.38
14-Apr-16,2082.42,40.92,259.67,12.7,47.64,,86.22
15-Apr-16,2082.78,40.87,262.79,12.9,46.54,,85.42
19-Apr-16,2094.34,41.41,264.26,12.6,45.39,,88.18
20-Apr-16,2100.8,43.35,281.36,12.8,49.19,,92.63
21-Apr-16,2102.4,42.58,289.17,12.75,48.74,,90.85
22-Apr-16,2091.48,43.16,285.26,12.75,48.69,,89.51
26-Apr-16,2087.79,40.29,270.51,11.9,49.44,,83.55
27-Apr-16,2091.7,40.58,276.23,12.1,51.23,,85.42
28-Apr-16,2095.15,39.95,279.89,11.9,53.28,,82.21
29-Apr-16,2075.81,40.19,277.45,11.85,54.43,,83.72
3-May-16,2081.43,40.14,276.96,11.65,53.53,,81.54
4-May-16,2063.37,39.07,269.53,11.45,50.93,,78.65
5-May-16,2051.12,38.78,267.19,11.85,51.83,,75.89
6-May-16,2050.63,39.41,275.98,12.4,50.68,,78.74
10-May-16,2058.69,40.09,273.54,12.6,48.64,,80.16
11-May-16,2084.39,40.19,277.94,12.75,51.63,,78.11
12-May-16,2064.46,40.09,284.77,12.75,51.78,,79.98
13-May-16,2064.11,39.31,286.73,12.7,51.33,,79.27
17-May-16,2066.66,38.25,282.33,12.8,50.18,,77.93
18-May-16,2047.21,37.03,284.29,12.65,49.24,,75.26
19-May-16,2047.63,36.69,285.26,12.35,47.14,,75.71
20-May-16,2040.04,36.35,281.65,11.95,45.54,30.99,74.99
24-May-16,2048.04,36.74,284.29,11.75,43.24,30.99,77.49
25-May-16,2076.06,36.64,287.22,11.9,42.94,30.99,75.04
26-May-16,2090.54,36.64,287.22,11.9,42.94,30.99,75.04
27-May-16,2090.1,37.86,296.01,12.75,41.95,31.08,75.8
31-May-16,2090.1,38.74,287.71,12.8,42.15,31.47,78.11
1-Jun-16,2096.95,38.94,284.87,13.1,40.1,31.18,78.38
2-Jun-16,2099.33,38.35,286.24,13.05,40.95,30.74,78.38
3-Jun-16,2105.26,39.08,289.17,12.95,41.8,30.84,82.03
7-Jun-16,2109.41,39.57,287.22,13.5,42.74,31.37,82.39
8-Jun-16,2112.13,40.35,294.06,14.15,44.49,32.05,85.06
9-Jun-16,2119.12,40.45,296.01,14.45,49.04,32.82,83.99
10-Jun-16,2115.48,40.35,292.2,14.45,47.64,32.82,84.84
14-Jun-16,2079.06,40.65,275.01,14.5,43.94,32.43,86.5
15-Jun-16,2075.32,41.09,270.61,14.35,42.3,32.82,87.58
16-Jun-16,2071.5,41.33,266.7,14.45,43.24,32.34,88.4
17-Jun-16,2077.99,41.19,267.19,14.65,43.34,32.82,87.99
21-Jun-16,2083.25,41.19,267.19,14.65,43.34,32.82,87.99
22-Jun-16,2088.9,42.8,278.42,14.95,48.54,34.75,93.71
23-Jun-16,2085.45,42.94,278.42,15,48.34,34.8,94.25
24-Jun-16,2113.32,43.53,287.22,15.5,51.23,35.43,94.61
28-Jun-16,2000.54,42.41,273.54,15.8,47.79,34.99,93.76
29-Jun-16,2036.09,43.97,283.31,16.1,50.04,35.72,97.27
30-Jun-16,2070.77,45.14,288.19,16.3,53.28,36.39,99.48
1-Jul-16,2098.86,45.09,282.33,16.35,53.53,36.58,101.01
5-Jul-16,2098.86,45.09,290.36,17,56.33,38.61,99.12
6-Jul-16,2088.55,44.75,281.06,17.2,52.13,37.16,99.79
7-Jul-16,2099.73,44.56,279.09,17,52.73,36.54,99.12
8-Jul-16,2097.9,44.46,278.1,16.5,52.88,36.15,99.21
12-Jul-16,2137.16,44.7,279.09,16.7,56.28,36.15,100.02
13-Jul-16,2152.14,44.12,283.52,16.2,58.32,36.2,100.29
14-Jul-16,2152.43,45.09,280.56,16.3,57.23,36.2,101.82
15-Jul-16,2163.75,46.27,281.16,16.65,59.92,36.68,104.75
19-Jul-16,2166.89,47.29,283.52,17.25,63.47,38.61,107.68
20-Jul-16,2163.78,47.1,274.66,16.6,63.77,39.58,107.68
21-Jul-16,2173.02,46.71,285.98,16.35,62.72,39.58,106.78
22-Jul-16,2165.17,45.44,280.52,16.25,62.22,39.09,104.53
26-Jul-16,2168.48,45.04,270.72,16.25,61.97,39.09,103.58
27-Jul-16,2169.18,44.56,270.97,16.05,62.92,39,102.72
28-Jul-16,2166.58,44.17,267.27,16.3,62.67,39.09,101.64
29-Jul-16,2170.06,43.92,268.01,16.2,60.32,39,100.92
2-Aug-16,2170.84,43.14,267.77,16.55,61.37,38.61,99.12
3-Aug-16,2157.03,41.92,266.78,16.45,59.22,38.23,97.32
4-Aug-16,2163.79,43.09,277.71,16.4,62.32,38.13,99.12
5-Aug-16,2164.25,43.24,280.07,16.5,62.92,37.65,99.57
9-Aug-16,2180.89,42.7,264.81,16.15,63.42,38.61,98.53
10-Aug-16,2181.74,43.29,268.06,16.4,63.67,37.89,98.94
11-Aug-16,2175.49,42.75,265.7,16.55,62.32,37.65,100.47
12-Aug-16,2185.79,42.31,266.78,16.4,63.52,37.65,101.38
16-Aug-16,2190.15,42.31,266.78,16.4,63.52,37.65,101.38
17-Aug-16,2178.15,41.58,261.07,15.2,66.91,37.84,101.93
18-Aug-16,2182.22,41.23,262.84,15.55,68.16,37.07,102.38
19-Aug-16,2187.02,42.6,266.29,15.15,69.56,38.13,103.29
23-Aug-16,2182.64,43.48,255.95,15.25,66.86,38.52,104.2
24-Aug-16,2186.9,44.26,258.91,15.5,68.41,39.09,106.7
25-Aug-16,2175.44,44.8,257.92,15.75,67.21,38.37,108.3
26-Aug-16,2172.47,45.09,257.04,15.7,68.01,38.85,110.07
30-Aug-16,2180.38,45.53,254.67,15.5,70.71,39.38,109.84
31-Aug-16,2176.12,44.7,255.36,15.2,69.96,40.06,107.48
1-Sep-16,2170.95,43.82,252.02,15.1,67.91,40.3,107.8
2-Sep-16,2170.86,44.36,251.92,15.35,68.31,40.06,105.57
6-Sep-16,2170.86,44.31,253.25,15.4,73.01,40.69,105.93
7-Sep-16,2186.48,45.58,257.43,16.45,73.85,41.41,108.48
8-Sep-16,2186.16,45.73,261.37,16.7,73.55,41.99,108.02
9-Sep-16,2181.3,44.36,262.25,16.85,76.1,42.47,106.2
13-Sep-16,2159.04,43.73,255.46,16.65,73.3,41.51,104.2
14-Sep-16,2127.02,42.9,255.46,16.5,68.36,40.54,101.79
15-Sep-16,2125.77,42.36,254.28,16.95,68.16,41.03,99.11
16-Sep-16,2147.26,42.85,257.43,17.9,70.51,42.96,100.56
20-Sep-16,2139.12,42.7,256.15,18.55,69.36,44.07,101.56
21-Sep-16,2139.76,42.65,252.51,18.6,69.91,44.98,101.47
22-Sep-16,2163.12,43.68,259.79,18.85,71.71,44.21,103.29
23-Sep-16,2177.18,45.04,265.8,19.7,72.26,44.4,106.39
27-Sep-16,2146.1,44.56,257.43,19.05,69.16,43.92,104.98
28-Sep-16,2159.93,44.9,254.48,18.6,68.91,43.58,106.48
29-Sep-16,2171.37,45.34,269.05,18.9,72.61,43.44,106.84
30-Sep-16,2151.13,45.78,273.67,19.65,71.06,43.54,107.2
4-Oct-16,2161.2,45.88,276.33,19.6,73.01,43.63,107.89
5-Oct-16,2150.49,47.15,282.34,19.25,72.51,44.4,109.3
6-Oct-16,2159.73,48.02,289.52,19.4,75.1,44.4,109.93
7-Oct-16,2160.77,47.39,289.42,19.2,78.6,44.4,109.21
11-Oct-16,2163.66,47.39,289.42,19.2,78.6,44.4,109.21
12-Oct-16,2136.73,46.85,289.92,19.8,80.5,42.86,105.93
13-Oct-16,2139.18,46.85,286.96,19.6,80.4,42.52,106.2
14-Oct-16,2132.55,46.61,282.04,19.5,82.14,42.33,106.84
18-Oct-16,2126.5,47.15,288.93,20,85.99,42.96,110.39
19-Oct-16,2139.6,46.8,287.46,20,88.78,44.4,110.12
20-Oct-16,2144.29,47.78,289.92,20.8,89.88,44.4,111.71
21-Oct-16,2141.34,47.19,284.99,20.85,90.93,44.4,110.94
25-Oct-16,2151.33,46.85,283.52,21,93.68,44.11,109.21
26-Oct-16,2143.16,46.31,281.45,20.9,91.93,44.31,109.43
27-Oct-16,2139.43,45.97,274.66,20.4,92.08,43.25,106.89
28-Oct-16,2133.04,46.22,271.7,20.45,91.38,43.25,106.75
1-Nov-16,2126.15,46.02,264.17,20.55,87.39,45.85,104.66
2-Nov-16,2111.72,45.14,258.41,20.4,83.29,43.73,104.2
3-Nov-16,2097.94,44.07,252.51,20.15,79.9,43.44,103.29
4-Nov-16,2088.66,42.99,248.08,20.1,80.4,43.44,102.11
8-Nov-16,2131.52,45.34,251.23,20.7,85.49,43.44,103.93
9-Nov-16,2139.56,45,246.7,20.55,85.49,43.05,102.65
10-Nov-16,2163.26,44.41,240.2,20.65,84.89,42.47,103.29
11-Nov-16,2167.48,42.5,236.76,20.05,77.2,43.15,99.47
15-Nov-16,2164.2,42.02,243.65,19.9,75.1,43.34,96.92
16-Nov-16,2180.39,43.68,258.91,20.75,79.1,44.31,98.7
17-Nov-16,2176.94,43.33,253.59,20.95,77.4,43.68,98.74
18-Nov-16,2187.12,43.48,246.11,21,75.65,43.44,100.11
22-Nov-16,2198.18,44.36,259.89,21.5,79.65,42.96,101.7
23-Nov-16,2202.94,44.36,261.37,23,81.89,43.25,103.75
24-Nov-16,2204.72,44.12,260.38,22.65,81.34,43.44,102.11
25-Nov-16,2204.72,43.77,261.66,22.2,81.94,43.25,101.84
29-Nov-16,2201.72,43.77,261.66,22.2,81.94,43.25,101.84
30-Nov-16,2204.66,43.19,252.51,21.8,78,43.68,102.38
1-Dec-16,2198.81,43.38,265.5,22.25,86.54,43.87,103.75
2-Dec-16,2191.08,42.65,260.09,22,84.14,43.44,102.38
6-Dec-16,2204.71,41.33,258.46,22.25,84.09,43,100.93
7-Dec-16,2212.23,41.04,256.2,22.8,86.49,42.47,99.2
8-Dec-16,2241.35,40.26,255.07,22.8,86.24,42.76,98.74
9-Dec-16,2246.19,40.26,255.07,22.8,86.24,42.76,98.74
13-Dec-16,2256.96,40.06,254.97,22.25,87.79,42.38,96.42
14-Dec-16,2271.72,40.01,257.53,22.7,87.24,42.67,94.74
15-Dec-16,2253.28,40.26,250.05,22.05,83.44,42.47,95.28
16-Dec-16,2262.03,39.08,242.76,22.2,82.49,41.99,93.74
20-Dec-16,2262.53,37.13,233.8,21.55,77.8,41.03,90.19
21-Dec-16,2270.76,36.69,237.25,21.1,78.4,39.58,89.87
22-Dec-16,2265.18,38.99,241.19,21.65,79.85,40.45,94.1
23-Dec-16,2260.96,38.45,235.28,21.35,78,37.89,91.01
27-Dec-16,2260.96,38.74,229.37,20.3,78.8,38.13,89.19
28-Dec-16,2268.88,39.08,241.09,20.6,78.9,37.65,90.1
29-Dec-16,2249.92,40.4,248.28,20.75,81.09,38.13,92.78
30-Dec-16,2249.26,41.72,254.97,22,82.09,39.58,93.46
3-Jan-17,2249.26,43.58,268.75,23.2,79.8,39.48,99.65
4-Jan-17,2257.83,43.82,270.72,23.15,85.09,41.27,102.61
5-Jan-17,2270.75,44.02,268.75,23.35,86.34,42.76,103.29
6-Jan-17,2269,44.46,265.8,23,88.29,42.47,103.97
10-Jan-17,2268.9,46.22,285.98,23.7,86.99,41.99,104.66
11-Jan-17,2268.9,47.68,319.84,24.85,86.59,42.47,107.2
12-Jan-17,2275.32,47.15,318.96,25.3,88.54,41.99,106.25
13-Jan-17,2270.44,48.02,322.9,25.1,91.23,43.25,105.11
17-Jan-17,2270.44,48.9,329.44,26.35,90.33,44.31,106.2
18-Jan-17,2267.89,48.95,329.79,26.7,89.23,44.31,105.57
19-Jan-17,2271.89,49.44,325.85,27.35,88.59,44.26,105.79
20-Jan-17,2263.69,49.15,320.93,27,88.64,44.31,104.66
24-Jan-17,2265.2,51.59,340.62,28.8,89.58,42.47,112.21
25-Jan-17,2280.07,51.54,351.94,28.55,88.19,42.47,112.94
26-Jan-17,2298.37,50.61,353.95,28.4,86.89,42.96,113.35
27-Jan-17,2296.68,49.15,345.24,28.85,85.99,43.44,111.48
31-Jan-17,2280.9,48.07,329.1,28.9,82.19,43.54,108.3
1-Feb-17,2278.87,48.32,338.15,29.5,81.29,44.69,109.12
2-Feb-17,2279.55,48.61,335.69,30.25,81.39,45.08,109.02
3-Feb-17,2280.85,48.86,344.55,30.95,80.5,43.05,108.75
7-Feb-17,2292.56,49.83,340.17,29.95,80.9,42.76,111.48
8-Feb-17,2293.08,50.52,329.79,30.1,79.45,43.44,113.76
9-Feb-17,2294.67,52.23,326.24,28.85,80.99,44.36,113.3
10-Feb-17,2307.87,53.64,329.29,28.7,80.2,44.16,116.94
14-Feb-17,2328.25,52.62,328.8,28.8,82.84,45.76,116.21
15-Feb-17,2337.58,52.28,329.98,29.2,85.04,45.37,119.22
16-Feb-17,2349.25,53.15,326.83,29.3,85.04,45.85,122.4
17-Feb-17,2347.22,51.88,329.29,29,84.49,45.85,116.76
21-Feb-17,2347.22,53.15,328.7,30.5,85.59,47.3,116.58
22-Feb-17,2365.38,52.96,344.55,30.45,86.79,47.3,117.58
23-Feb-17,2362.82,52.91,336.68,29.95,83.59,46.43,118.08
24-Feb-17,2363.81,50.91,325.85,28.9,82.89,46.33,115.58
28-Feb-17,2369.75,50.91,325.85,28.9,82.89,46.33,115.58
1-Mar-17,2363.64,50.91,325.85,28.9,82.89,46.33,115.58
2-Mar-17,2395.96,50.03,324.37,29.1,82.99,45.61,115.53
3-Mar-17,2381.92,48.86,317.92,28.5,78.35,45.37,111.94
7-Mar-17,2375.31,49.88,328.7,29.2,78.35,45.85,113.98
8-Mar-17,2368.39,50.03,330.77,29.2,80,45.66,114.03
9-Mar-17,2362.98,50.37,329.69,29.45,74.65,45.85,115.8
10-Mar-17,2364.87,49.88,316.5,28.75,71.51,44.4,114.58
14-Mar-17,2373.47,52.76,329.79,29.1,74,45.37,117.22
15-Mar-17,2365.45,52.42,332,29.4,71.11,45.76,116.49
16-Mar-17,2385.26,53.25,341.6,29.8,73.4,46.33,118.13
17-Mar-17,2381.38,53.84,358.58,30.55,72.26,47.2,120.13
21-Mar-17,2373.47,54.96,364.73,31.5,72.41,46.82,120.49
22-Mar-17,2344.02,54.82,357.35,30.9,69.66,47.3,119.67
23-Mar-17,2348.45,56.04,359.32,31.05,71.91,46.53,119.63
24-Mar-17,2345.96,57.11,360.3,31.3,70.91,46.91,120.9
28-Mar-17,2341.59,58.28,361.73,32.2,71.71,48.12,119.67
29-Mar-17,2358.57,58.14,367.2,33.05,72.91,48.31,119.26
30-Mar-17,2361.13,57.84,363.26,33.7,75.4,48.8,117.4
31-Mar-17,2368.06,58.04,369.16,34,74.3,50.58,118.58
4-Apr-17,2358.84,59.21,378.02,33,76.2,50.92,122.86
5-Apr-17,2360.16,59.9,390.82,33.7,76.9,50.97,121.49
6-Apr-17,2352.95,60.09,379.99,33.7,74.7,50.2,121.95
7-Apr-17,2357.49,59.7,384.91,34.85,74.65,50.97,121.49
11-Apr-17,2357.16,58.14,385.7,36,76.1,52.13,120.72
12-Apr-17,2353.78,58.28,387.67,36,74.5,50.77,118.76
13-Apr-17,2344.93,57.84,389.15,35.75,73.4,51.16,116.49
14-Apr-17,2328.95,57.84,389.15,35.75,73.4,51.16,116.49
18-Apr-17,2349.01,58.19,388.95,35.7,71.96,50.05,117.4
19-Apr-17,2342.19,58.04,385.9,35.65,70.81,51.16,117.94
20-Apr-17,2338.17,58.72,378.61,35.15,69.51,50.58,118.4
21-Apr-17,2355.84,58.82,387.87,35.75,69.21,48.51,119.95
25-Apr-17,2374.15,60.39,393.77,36.45,71.31,50.68,120.76
26-Apr-17,2388.61,59.55,390.33,36,72.31,52.13,120.76
27-Apr-17,2387.45,59.02,385.9,35.05,71.31,50.68,120.36
28-Apr-17,2388.77,59.99,388.11,34.15,69.31,49.71,120.13
2-May-17,2388.33,59.99,388.11,34.15,69.31,49.71,120.13
3-May-17,2391.17,60.19,388.02,35.2,70.61,50.87,124.72
4-May-17,2388.13,62.14,385.9,35.6,70.91,50.68,122.86
5-May-17,2389.52,61.74,373.99,35.55,68.91,50.87,122.13
9-May-17,2399.38,63.7,367.2,35.8,71.01,50.82,124.22
10-May-17,2396.92,63.7,364.24,35.85,71.91,50.82,123.77
11-May-17,2399.63,64.58,377.04,36.75,74.8,50.82,125.13
12-May-17,2394.44,64.38,368.13,36.9,74.45,51.35,127.41
16-May-17,2402.32,64.87,375.07,36.7,80.4,52.61,125.59
17-May-17,2400.67,66.83,375.07,37.4,80.6,53.57,127.41
18-May-17,2357.03,66.39,372.86,37.1,80.1,51.93,125.41
19-May-17,2365.72,65.46,371.92,36.5,69.56,51.24,121.54
23-May-17,2394.02,67.27,382.21,38.5,71.11,53.27,126.04
24-May-17,2398.42,66.83,380.98,38.3,71.81,51.33,126.5
25-May-17,2404.39,66.98,385.51,38.8,73.75,50.37,126.5
26-May-17,2415.07,66.98,385.51,38.8,73.75,50.37,126.5
30-May-17,2415.07,70.31,404.6,41.25,70.71,54.24,132.96
31-May-17,2412.91,70.46,397.66,40.65,70.81,54.24,130.59
1-Jun-17,2411.8,70.51,392.79,40.65,69.56,57.34,130.59
2-Jun-17,2430.06,71.93,399.48,41.75,68.71,53.56,130.14
6-Jun-17,2436.1,73.45,387.38,40.9,69.36,56.66,141.15
7-Jun-17,2429.33,72.17,388.85,40.4,69.31,56.81,139.47
8-Jun-17,2433.14,71.49,382.95,40.15,67.91,56.18,136.74
9-Jun-17,2433.79,69.09,377.97,40.35,67.76,55.69,135.31
13-Jun-17,2429.39,65.66,367.69,39.45,66.31,53.27,132.19
14-Jun-17,2440.35,65.75,370.1,39.7,67.61,51.33,128.75
15-Jun-17,2437.92,65.26,359.32,40,66.11,52.69,127.98
16-Jun-17,2432.46,65.71,347.7,39.6,66.11,52.79,125.91
20-Jun-17,2453.46,68.79,347.51,41.9,65.52,53.61,129.63
21-Jun-17,2437.03,68.79,347.51,41.9,65.52,53.61,129.63
22-Jun-17,2435.61,64.33,336.19,38.4,63.12,52.79,130.09
23-Jun-17,2434.5,65.46,352.43,38.8,63.62,53.27,132.1
27-Jun-17,2439.07,65.61,354.4,38.7,65.81,54.14,133.57
28-Jun-17,2419.38,65.8,353.41,38.4,64.92,55.69,132.06
29-Jun-17,2440.69,67.91,353.81,38.75,65.32,57.02,135.18
30-Jun-17,2419.7,67.91,351.44,38.9,65.91,56.92,136.69
4-Jul-17,2429.01,70.56,368.18,40,67.91,59.25,141.51
5-Jul-17,2429.01,71.39,372.95,39.9,68.71,59.25,140.36
6-Jul-17,2432.54,70.51,372.95,40.05,67.61,59.25,143.11
7-Jul-17,2409.75,69.82,370.97,40.25,67.61,57.75,141.28
11-Jul-17,2427.43,70.26,364.79,38.9,67.01,57.7,139.76
12-Jul-17,2425.53,70.07,374.93,38.75,69.16,57.89,137.61
13-Jul-17,2443.25,70.75,373.94,38.3,72.41,58.52,140.82
14-Jul-17,2447.83,69.72,368,37.1,72.16,58.67,140.36
18-Jul-17,2459.14,66.15,359.59,35.7,71.71,58.09,140.13
19-Jul-17,2460.61,63.3,358.11,36,73.01,56.68,133.02
20-Jul-17,2473.83,65.26,357.12,36.7,74.55,58.77,138.98
21-Jul-17,2473.45,65.17,359.59,37.7,74.2,58.52,136
25-Jul-17,2469.91,65.36,347.23,38.6,74.5,58.28,139.44
26-Jul-17,2477.13,65.71,350.2,38.15,75.2,58.96,141.28
27-Jul-17,2477.83,65.56,347.72,37.9,74.7,60.22,143.11
28-Jul-17,2475.42,65.17,347.23,38,75.7,60.95,141.37
1-Aug-17,2470.3,63.3,353.16,38.5,77.5,62.17,141.28
2-Aug-17,2476.35,63.75,347.23,38.7,76.9,61.68,141.28
3-Aug-17,2477.57,63.5,358.11,39.4,78.95,60.42,141.05
4-Aug-17,2472.16,63.89,349.7,39.8,77.85,60.81,143.02
8-Aug-17,2480.91,64.43,338.32,39.4,78.5,60.42,142.19
9-Aug-17,2474.92,64.38,329.42,38.5,77.95,60.03,142.19
10-Aug-17,2474.02,63.26,330.41,37.5,77.9,58.77,138.07
11-Aug-17,2438.21,63.84,342.78,37.85,75.35,60.22,138.07
15-Aug-17,2465.84,71.54,353.66,42.5,72.26,65.66,150.54
16-Aug-17,2464.61,70.56,349.21,42.6,72.76,63.33,150.77
17-Aug-17,2468.11,71.49,344.26,43.15,74.2,65.08,150.91
18-Aug-17,2430.01,70.56,343.27,41.9,73.11,66.29,149.53
22-Aug-17,2428.37,70.56,343.27,41.9,73.11,66.29,149.53
23-Aug-17,2452.51,72.03,345.25,40.55,77.2,66.29,156.41
24-Aug-17,2444.04,75.65,349.6,41.2,78.5,69.26,162.19
25-Aug-17,2438.97,75.75,349.6,43.05,78.7,71.39,164.67
29-Aug-17,2444.24,76.14,351.18,43.35,77.6,68.96,171.09
30-Aug-17,2446.3,76.04,351.18,42.85,78.25,70.76,169.72
31-Aug-17,2457.59,76.78,351.68,42.7,76.15,70.76,165.13
1-Sep-17,2471.65,77.61,347.23,42.7,77.2,73.1,167.42
5-Sep-17,2471.65,77.12,342.53,43.3,80.7,75.93,166.73
6-Sep-17,2457.85,77.12,342.53,43.3,80.7,75.93,166.73
7-Sep-17,2465.54,77.12,342.53,43.3,80.7,75.93,166.73
8-Sep-17,2465.1,77.12,342.53,43.3,80.7,75.93,166.73
12-Sep-17,2488.11,77.12,342.53,43.3,80.7,75.93,166.73
13-Sep-17,2496.48,75.26,341.29,41.8,83.69,71.15,159.62
14-Sep-17,2498.37,77.12,344.8,41.6,83.69,71.15,161.83
15-Sep-17,2495.62,76.09,348.12,41.5,83.69,71.15,161.51
19-Sep-17,2503.87,77.91,343.67,41.8,83.69,71.15,164.21
20-Sep-17,2506.65,80.36,343.96,41.7,85.39,75.93,165.5
21-Sep-17,2508.24,80.11,341.29,41.7,88.88,76.61,166.51
22-Sep-17,2500.6,80.99,343.27,42.6,88.04,76.71,171.55
26-Sep-17,2496.66,84.42,349.8,42.85,89.73,78.66,176.87
27-Sep-17,2496.84,86.19,371.71,43.2,89.38,80.03,178.98
28-Sep-17,2507.04,84.77,382.05,43.2,87.24,79.98,176.14
29-Sep-17,2510.06,86.87,380.61,43.65,86.74,80.81,181.14
3-Oct-17,2529.12,88.1,396.2,46.05,86.89,83.64,191.46
4-Oct-17,2534.58,89.03,395.31,46.1,91.43,84.03,195.95
5-Oct-17,2537.74,89.96,389.02,45.6,89.38,82.18,196.04
6-Oct-17,2552.07,91.58,394.02,46.7,91.53,82.57,195.91
10-Oct-17,2544.73,91.58,394.02,46.7,91.53,82.57,195.91
11-Oct-17,2550.64,90.69,390.71,46.75,90.78,81.64,196.32
12-Oct-17,2555.24,90.3,390.36,47,90.88,82.86,196.18
13-Oct-17,2550.93,91.63,389.77,47.45,90.08,84.42,197.74
17-Oct-17,2557.64,91.63,389.77,47.45,90.08,84.42,197.74
18-Oct-17,2559.36,93.19,391.64,44.65,90.78,87.89,200.17
19-Oct-17,2561.26,90.89,390.61,44,90.18,87.25,198.25
20-Oct-17,2562.1,91.92,394.71,44.9,90.23,88.13,198.84
24-Oct-17,2564.98,97.31,417.71,48.6,88.59,91.69,215.45
25-Oct-17,2569.13,98.09,415.44,49.45,90.53,91.35,215.13
26-Oct-17,2557.15,97.21,430.23,48.5,91.68,90.77,214.94
27-Oct-17,2560.4,96.77,428.54,48.6,90.53,90.57,218.25
31-Oct-17,2572.83,94.81,426.86,46.95,92.93,89.35,206.41
1-Nov-17,2575.26,95.4,430.72,48.25,93.53,92.72,204.71
2-Nov-17,2579.36,93.63,425.82,48.25,94.88,91.84,195.95
3-Nov-17,2579.85,91.53,428.64,48.55,94.08,91.01,192.47
7-Nov-17,2591.13,91.53,428.64,48.55,94.08,91.01,192.47
8-Nov-17,2590.64,92.56,432.65,47.15,93.13,88.81,194.85
9-Nov-17,2594.38,91.77,430.08,46.45,95.03,87.54,195.4
10-Nov-17,2584.62,93.54,419.05,46.7,94.73,88.81,194.99
14-Nov-17,2584.84,88.88,399.61,43.9,92.53,84.81,184.3
15-Nov-17,2578.87,85.26,387.79,42.1,84.94,80.22,159.53
16-Nov-17,2564.62,87.17,384.13,43.7,85.49,84.42,164.26
17-Nov-17,2585.64,93.98,399.61,45.45,87.49,86.32,173.75
21-Nov-17,2582.14,93.98,399.61,45.45,87.49,86.32,173.75
22-Nov-17,2599.03,97.95,398.47,45.35,87.29,89.98,159.4
23-Nov-17,2597.08,96.77,398.62,46.7,88.44,92.72,160.31
24-Nov-17,2597.08,96.62,402.63,46.75,88.59,94.86,165.63
28-Nov-17,2601.42,96.62,402.63,46.75,88.59,94.86,165.63
29-Nov-17,2627.04,95.35,387.89,45,88.39,91.64,164.4
30-Nov-17,2626.07,95.5,386.01,44.75,85.49,91.4,165.08
1-Dec-17,2647.58,97.41,387.44,44.3,84.84,88.76,163.34
5-Dec-17,2639.44,99.27,393.03,43.2,86.04,89.35,165.68
6-Dec-17,2629.57,99.71,379.53,42.75,84.19,89.3,167.51
7-Dec-17,2629.27,100.64,383.29,43.7,85.09,91.06,179.81
8-Dec-17,2636.98,104.32,380.52,44.3,83.89,93.25,182.56
12-Dec-17,2659.99,109.22,377.89,44.35,83.19,96.33,189.85
13-Dec-17,2664.11,109.71,374.33,44.6,82.64,98.18,191.64
14-Dec-17,2662.85,108.97,371.81,44.4,82.14,98.87,187.97
15-Dec-17,2652.01,111.27,375.27,44.2,82.44,96.67,185.95
19-Dec-17,2690.16,111.86,367.66,44.35,84.04,97.6,187.19
20-Dec-17,2681.47,115.29,366.42,46.65,84.89,101.26,190.86
21-Dec-17,2679.25,115.29,383.58,46.95,85.59,105.21,190.86
22-Dec-17,2684.57,113.82,390.01,48.3,89.68,105.65,192.47
26-Dec-17,2684.57,113.82,390.01,48.3,89.68,105.65,192.47
27-Dec-17,2680.5,116.71,397.24,49.2,92.13,105.45,195.95
28-Dec-17,2682.62,118.53,402.6,49.15,91.88,106.87,196.78
29-Dec-17,2687.54,121.91,419.5,50.15,95.28,110.14,200.91
2-Jan-18,2687.54,121.22,419.15,49.9,95.43,109.7,199.07
3-Jan-18,2695.81,121.96,431.48,51.2,98.32,109.46,198.66
4-Jan-18,2713.06,121.07,437.44,51.8,100.37,109.26,198.98
5-Jan-18,2723.99,127.3,436.99,51.85,102.82,111.75,200.49
9-Jan-18,2747.71,125.34,446.43,53.4,107.31,111.31,199.85
10-Jan-18,2751.29,124.26,454.18,53.1,106.31,109.36,197.6
11-Jan-18,2748.23,125.04,443.85,51.8,102.87,109.31,191.69
12-Jan-18,2767.56,126.61,459.65,52.7,107.01,113.07,195.86
16-Jan-18,2767.56,134.89,488.92,56,108.76,122,198.57
17-Jan-18,2776.42,134.16,479.18,54.95,110.26,120.83,201.78
18-Jan-18,2802.56,134.06,478.09,54.25,114.15,121.8,202.28
19-Jan-18,2798.03,135.92,480.02,54.5,114.2,122.58,203.15
23-Jan-18,2832.97,131.31,479.88,53.8,115.75,120.73,200.4
24-Jan-18,2839.13,131.8,496.82,53.85,115.05,124.05,196.14
25-Jan-18,2837.54,131.85,514.76,55.15,128.13,125.17,198.38
26-Jan-18,2839.25,130.87,515.46,55.3,130.03,125.66,196.32
30-Jan-18,2853.53,125.63,482.36,55.05,134.83,118.82,190.77
31-Jan-18,2822.43,126.95,468.99,54,129.88,116.87,191.05
1-Feb-18,2823.81,131.66,475.15,55.2,131.53,122.63,194.53
2-Feb-18,2821.98,131.07,472.22,54.65,135.12,121.22,187.6
6-Feb-18,2648.94,117.99,436,48.75,123.54,110.97,174.72
7-Feb-18,2695.14,123.96,444.64,51.9,129.48,115.99,182.79
8-Feb-18,2681.66,122.05,435.4,50.3,125.19,114.73,182.1
9-Feb-18,2581,120.24,431.33,48.55,123.89,113.12,178.2
13-Feb-18,2656,120.24,431.33,48.55,123.89,113.12,178.2
14-Feb-18,2662.94,120.24,431.33,48.55,123.89,113.12,178.2
15-Feb-18,2698.63,124.75,454.53,49,126.79,119.56,183.84
16-Feb-18,2731.2,130.63,448.22,49.45,126.84,124.97,192.74
20-Feb-18,2731.2,130.87,464.22,52.6,132.63,131.17,207.19
21-Feb-18,2716.26,129.94,458.51,51.65,134.28,126.29,201
22-Feb-18,2701.33,131.07,462.83,52.55,133.93,125.22,204.85
23-Feb-18,2703.96,131.31,471.28,52.55,135.67,125.31,207.88
27-Feb-18,2779.6,126.46,477.09,52.1,144.66,123.9,210.13
28-Feb-18,2744.28,124.26,473.56,51.15,143.91,120.83,210.86
1-Mar-18,2713.83,126.51,466.96,51.8,143.11,122.78,211.27
2-Mar-18,2677.67,121.22,458.31,49.75,139.57,118.09,208.48
6-Mar-18,2720.94,121.56,449.12,49.2,149.21,116.58,200.04
7-Mar-18,2728.12,125.24,458.26,50.6,151.35,117.99,202.24
8-Mar-18,2726.8,123.03,453.49,50.3,146.01,116.19,201.09
9-Mar-18,2738.97,122.64,451.4,51.25,144.36,113.51,201
13-Mar-18,2783.02,132.83,443.75,51.65,148.01,119.17,208.66
14-Mar-18,2765.31,129.6,443.75,52.7,144.91,118.73,205.08
15-Mar-18,2749.48,129.26,434.95,52.7,146.36,120.39,201.96
16-Mar-18,2747.33,129.65,435.55,52.35,141.82,122.05,203.29
20-Mar-18,2712.92,124.94,423.77,49.8,137.97,116.53,198.98
21-Mar-18,2716.94,127.98,428.84,50.35,138.62,118.97,197.24
22-Mar-18,2711.93,130.73,441.76,50.25,146.96,121.9,203.61
23-Mar-18,2643.69,128.81,428.39,49.75,142.37,118.78,200.17
27-Mar-18,2658.55,127.64,437.84,49.55,145.56,120.43,201.09
28-Mar-18,2612.62,129.01,428.2,48.7,140.52,119.07,199.3
29-Mar-18,2605,128.67,429.34,48.25,137.82,119.21,197.47
30-Mar-18,2640.87,128.67,429.34,48.25,137.82,119.21,197.47
3-Apr-18,2581.88,128.67,429.34,48.25,137.82,119.21,197.47
4-Apr-18,2614.45,131.31,432.12,47.55,136.57,123.22,202.88
5-Apr-18,2644.69,131.26,426.8,47.9,136.67,122.34,202.19
6-Apr-18,2662.84,131.85,430.63,48.8,141.22,122.78,204.53
10-Apr-18,2613.16,131.12,431.43,48.25,134.53,119.61,200.82
11-Apr-18,2656.87,132.98,440.82,47.55,140.37,122.09,203.06
12-Apr-18,2642.19,130.04,443.85,46.85,144.41,120.34,201.18
13-Apr-18,2663.99,132.2,448.82,47.65,143.36,122.58,201.5
17-Apr-18,2677.84,126.51,439.38,46,134.58,118.82,196.18
18-Apr-18,2706.39,131.75,452.84,47.6,137.27,119.26,202.74
19-Apr-18,2708.64,131.46,456.02,46.8,142.81,118.14,200.95
20-Apr-18,2693.13,130.19,460.35,46.25,145.06,113.7,201.6
24-Apr-18,2670.29,128.28,457.02,45.7,143.11,112.72,199.03
25-Apr-18,2634.56,129.3,451.05,46.25,140.67,112.72,197.97
26-Apr-18,2639.4,122.79,449.02,45.35,137.47,107.36,187.79
27-Apr-18,2666.94,121.02,457.07,45.15,145.41,108.19,182.56
1-May-18,2648.05,121.02,457.07,45.15,145.41,108.19,182.56
2-May-18,2654.8,121.02,457.07,45.15,145.41,108.19,182.56
3-May-18,2635.67,120.04,438.63,46.75,146.71,105.16,181.78
4-May-18,2629.73,116.96,443.65,46.9,154.9,103.26,186.27
8-May-18,2672.63,108.29,435.1,44.3,152.5,92.91,163.71
9-May-18,2671.92,103.11,429.44,42.1,155.15,93.25,150.54
10-May-18,2697.79,112.73,451.5,45.65,170.53,101.99,157.06
11-May-18,2723.07,119.3,475.5,49.95,185.81,103.84,166.96
15-May-18,2730.13,110.91,509.39,52.85,207.88,95.25,170.78
16-May-18,2711.45,109.18,477.34,52.5,203.84,94.77,172.43
17-May-18,2722.46,111.35,481.37,52.7,206.53,97.4,184.13
18-May-18,2720.13,113.97,489.27,52.85,199.64,100.92,190.4
22-May-18,2733.01,112.98,487.23,52.45,193.3,98.93,187.24
23-May-18,2724.44,110.17,475.9,52,190.25,90.94,186.35
24-May-18,2733.29,107.01,472.82,51.4,184.01,88.38,184.27
25-May-18,2727.76,106.32,467.6,51.35,158.69,87.44,186.73
29-May-18,2727.76,102.42,443.1,49.95,138.11,84.28,181.4
30-May-18,2689.86,101.58,462.28,48.8,149.05,82.06,178.85
31-May-18,2724.01,103.26,449.12,48.85,149.74,81.37,179.18
1-Jun-18,2705.27,104.44,450.95,47.9,149.79,85.22,185.41
5-Jun-18,2746.87,112.29,446.18,48.3,134.01,88.87,186.87
6-Jun-18,2748.8,118.36,452.25,50,128.92,96.17,196.25
7-Jun-18,2772.35,117.08,436.74,49.05,125.92,96.02,191.77
8-Jun-18,2770.37,117.33,450.11,48.5,120.38,93.26,191.07
12-Jun-18,2782,126.46,468.89,51.55,129.57,98.29,201.25
13-Jun-18,2786.85,119.5,453.49,50,125.97,93.26,195.12
14-Jun-18,2775.63,116.39,457.02,50,126.77,87.69,189.98
15-Jun-18,2782.49,113.03,476.6,49.8,132.81,83,181.07
19-Jun-18,2773.75,102.12,443.4,45.4,127.62,72.59,155.03
20-Jun-18,2762.59,107.01,462.93,48.6,134.16,77.33,169.51
21-Jun-18,2767.32,107.01,462.93,48.6,134.16,77.33,169.51
22-Jun-18,2749.76,114.12,467.3,49.6,128.97,82.51,190.5
26-Jun-18,2717.07,100.84,420.99,45.45,129.37,66.28,173
27-Jun-18,2723.06,100.4,414.53,44.65,131.21,65.3,169.27
28-Jun-18,2699.63,89.44,387,41.2,132.46,56.37,153.14
29-Jun-18,2716.31,98.62,394.41,42.2,137.86,60.66,166.92
3-Jul-18,2726.71,92.7,373.39,38.85,142.35,62.48,155.03
4-Jul-18,2713.22,98.52,404.24,42.2,140.5,70.33,175.41
5-Jul-18,2713.22,100.15,419.4,43.8,147.5,71.95,173.38
6-Jul-18,2736.61,100.15,418.46,42.8,143.9,72.1,178.76
10-Jul-18,2784.17,100.15,418.46,42.8,143.9,72.1,178.76
11-Jul-18,2793.84,97.83,410.41,42.95,145.5,69.34,178.47
12-Jul-18,2774.02,99.36,399.28,42.15,140.85,69.19,179.18
13-Jul-18,2798.29,94.72,407.42,41.5,143.9,66.28,173.52
17-Jul-18,2798.43,92.55,407.57,41.05,144.35,63.13,169.98
18-Jul-18,2809.55,96.35,420.29,41.55,150.34,63.32,175.55
19-Jul-18,2815.62,95.76,429.19,42.4,147.95,64.46,174.98
20-Jul-18,2804.49,94.37,427.35,41.65,148.6,61.89,174.23
24-Jul-18,2806.98,95.95,450.76,41.9,156.64,62.04,174.51
25-Jul-18,2820.4,97.93,465.56,42.6,159.68,64.56,176.49
26-Jul-18,2846.07,100.64,469.09,44.1,162.73,70.72,183.33
27-Jul-18,2837.44,99.9,453.99,45,157.99,71.71,184.98
31-Jul-18,2802.6,96.64,444.99,46.3,160.93,71.46,179.79
1-Aug-18,2816.29,96.15,448.32,46.45,159.68,73.48,176.63
2-Aug-18,2813.36,98.27,440.27,45.4,160.63,74.42,174.46
3-Aug-18,2827.22,98.86,436.1,43.7,163.18,71.21,163.85
7-Aug-18,2850.4,100.3,442.06,43.45,168.72,71.41,167.01
8-Aug-18,2858.45,94.37,432.92,41.9,168.38,67.32,154.04
9-Aug-18,2857.7,91.66,425.16,40.85,167.03,63.82,143
10-Aug-18,2853.58,94.37,429.29,41.65,168.08,65.25,149.18
14-Aug-18,2821.93,89.88,443,40.1,172.37,59.77,136.83
15-Aug-18,2839.96,89.93,451.95,38.75,171.17,60.71,137.06
16-Aug-18,2818.37,93.93,449.12,38.25,166.18,60.91,137.77
17-Aug-18,2840.69,91.81,451.4,38.3,162.83,59.33,135.55
21-Aug-18,2857.05,91.81,451.4,38.3,162.83,59.33,135.55
22-Aug-18,2862.96,84.25,462.09,38,152.99,53.41,131.17
23-Aug-18,2861.82,87.81,484.7,38.8,158.63,56.42,136.97
24-Aug-18,2856.98,85.29,484.7,37.65,155.14,54.5,135.27
28-Aug-18,2896.74,78.53,492.1,37.25,162.33,37.68,129.8
29-Aug-18,2897.52,75.12,489.62,37.75,163.08,37.43,127.53
30-Aug-18,2914.04,73.49,512.18,37.7,180.77,37.58,122.96
31-Aug-18,2901.13,74.14,546.26,41.35,205.2,41.97,127.68
4-Sep-18,2901.13,85.64,549.25,43.9,205.95,51.78,153.19
5-Sep-18,2896.72,77.3,557.1,41.85,200.75,49.12,136.68
6-Sep-18,2888.6,81.89,570.32,45.35,204.7,53.66,151.07
7-Sep-18,2878.05,91.46,570.41,45.85,198.4,59.13,158.33
11-Sep-18,2877.13,84.9,555.11,45.75,204.65,56.07,148.99
12-Sep-18,2887.89,83.81,556.45,44.9,197.96,55.23,145.22
13-Sep-18,2888.92,85.44,571.91,45.7,206.35,56.37,148.81
14-Sep-18,2904.18,83.02,595.11,47.2,205.95,54.2,148.85
18-Sep-18,2888.8,92.7,594.76,48.65,215.39,58.79,149.09
19-Sep-18,2904.31,94.87,631.78,49.4,222.79,58.64,150.41
20-Sep-18,2907.95,97.68,649.47,52.2,220.59,62.53,153.57
21-Sep-18,2930.75,106.86,655.69,56.55,215.54,67.76,168.43
25-Sep-18,2919.37,104.74,614.49,53.95,212.94,64.26,164.94
26-Sep-18,2915.56,112.88,630.84,54.15,217.74,69.73,170.5
27-Sep-18,2905.97,111.65,625.52,50.9,223.94,69.09,171.68
28-Sep-18,2914,106.02,637.45,51.5,241.57,65.34,165.22
2-Oct-18,2924.59,100.44,596.85,50.55,236.13,63.08,156.96
3-Oct-18,2923.43,104.54,594.52,48.8,249.57,63.47,159.32
4-Oct-18,2925.51,100.1,588.8,48.7,254.16,61.99,156.45
5-Oct-18,2901.61,93.58,568.68,46,264.21,58.1,147.48
9-Oct-18,2884.43,91.76,566.44,46.05,287.19,54.59,147.15
10-Oct-18,2880.34,86.23,564.6,44.9,294.48,52.52,136.21
11-Oct-18,2785.68,81.59,540.85,43.7,280.59,49.46,128.24
12-Oct-18,2728.37,78.33,519.43,42.05,272.2,48.03,125.98
16-Oct-18,2750.79,78.33,519.43,42.05,272.2,48.03,125.98
17-Oct-18,2809.92,86.82,527.13,45.7,287.14,53.21,133.29
18-Oct-18,2809.21,82.72,527.08,43.7,289.24,50.7,127.82
19-Oct-18,2768.78,81.74,525.59,43.05,281.04,50.8,126.73
23-Oct-18,2755.88,82.33,516.4,44,293.34,50.3,131.45
24-Oct-18,2740.69,81.98,513.12,43.15,287.64,51.39,132.53
25-Oct-18,2656.1,81.69,496.82,43.2,280.1,51.29,138.9
26-Oct-18,2705.57,85.74,535.58,44.05,286.84,57.21,147.72
30-Oct-18,2641.25,81.64,546.81,45.55,286.14,58.44,146.12
31-Oct-18,2682.63,83.12,544.57,46,299.98,58.93,149.84
1-Nov-18,2711.74,82.18,538.51,47.7,290.69,58.1,150.31
2-Nov-18,2740.37,94.23,561.17,50.65,288.64,63.82,165.12
6-Nov-18,2738.31,94.87,574.39,51.25,290.54,62.09,159.89
7-Nov-18,2755.45,94.87,574.39,51.25,290.54,62.09,159.89
8-Nov-18,2813.89,94.67,575.98,50.15,276.75,61.65,151.31
9-Nov-18,2806.83,92.84,558.24,50,266.06,59.48,149.28
13-Nov-18,2726.22,86.77,559.28,47.65,261.61,57.36,143.43
14-Nov-18,2722.18,83.96,532.35,44.2,251.27,54.79,142.72
15-Nov-18,2701.58,87.81,546.61,47,254.36,57.5,149.51
16-Nov-18,2730.2,92.6,570.51,48.85,261.76,59.92,154.89
20-Nov-18,2690.73,92.6,570.51,48.85,261.76,59.92,154.89
21-Nov-18,2641.89,90.13,536.67,46.25,254.06,62.04,150.74
22-Nov-18,2649.93,92.25,543.83,48,258.21,63.87,159.28
23-Nov-18,2649.93,92,545.72,46.9,260.86,63.82,160.36
27-Nov-18,2673.45,96.59,566.64,51.2,265.56,65.99,161.45
28-Nov-18,2682.17,95.95,559.38,51.25,278.05,63.52,162.39
29-Nov-18,2743.79,98.52,575.78,50.95,275.7,65.05,158.29
30-Nov-18,2737.8,100.59,563.66,53.75,268.6,65.59,160.22
4-Dec-18,2790.37,101.93,568.72,54.75,274.85,65.2,160.27
5-Dec-18,2700.06,101.48,582.14,54.7,275.9,66.08,160.12
6-Dec-18,2700.06,100.05,586.66,53.3,278.35,65.84,157.48
7-Dec-18,2695.95,103.26,568.77,55.05,265.2,67.42,157.91
11-Dec-18,2637.72,99.85,548.35,51.3,255.95,64.6,147.34
12-Dec-18,2636.78,104.54,536.43,50.95,253.76,65.99,149.09
13-Dec-18,2651.07,104.39,536.82,50.95,255.61,65.84,148.81
14-Dec-18,2650.54,103.5,536.67,51.35,256.2,64.46,150.22
18-Dec-18,2545.94,96.74,520.52,48.75,258.8,60.86,139.84
19-Dec-18,2546.16,98.82,503.73,49.1,247.26,60.36,143.29
20-Dec-18,2506.96,101.28,502.49,49.6,248.21,60.96,144.42
21-Dec-18,2467.42,99.36,492.25,46.4,244.26,59.38,138.33
25-Dec-18,2351.1,99.36,492.25,46.4,244.26,59.38,138.33
27-Dec-18,2467.7,94.27,500,44.85,238.06,55.19,136.21
28-Dec-18,2488.83,99.21,502.1,46.15,240.91,59.62,145.5
1-Jan-19,2506.85,101.97,502.15,46.75,249.61,62.44,154.65
3-Jan-19,2510.03,105.58,513.6,50.15,265.96,63.72,156.82
4-Jan-19,2447.89,106.52,518.5,50.05,271.11,62.63,158.47
8-Jan-19,2549.69,115.99,539,52.9,284.46,66.38,176.87
9-Jan-19,2574.41,115.01,536.5,53.8,285.95,64.7,173.57
10-Jan-19,2584.96,118.95,538.5,55.3,290.45,67.66,176.87
11-Jan-19,2596.64,122.11,535.2,53.5,288.15,70.38,183.47
15-Jan-19,2582.61,116.83,536.6,53,284.96,69.64,186.58
16-Jan-19,2610.3,115.99,532.35,53.2,281.76,68.65,184.98
17-Jan-19,2616.1,117.97,554.35,53.8,284.91,68.9,179.75
18-Jan-19,2635.96,117.62,563.25,53.8,291.7,68.9,183.85
22-Jan-19,2635.96,123.84,596.5,53.7,293.55,71.85,193.94
23-Jan-19,2632.9,119.3,572.15,52.05,285.75,67.07,185.36
24-Jan-19,2638.7,126.06,567.45,52.35,288.75,68.9,194.65
25-Jan-19,2642.33,123.3,591.95,52.6,290.65,69.29,193
29-Jan-19,2643.85,129.27,567.7,51.55,283.01,71.71,194.04
30-Jan-19,2640,129.02,589,52.55,293.1,73.04,203.23
31-Jan-19,2681.05,130.8,595.55,53.3,298.3,76.1,202.67
1-Feb-19,2704.1,133.61,606.3,53.25,301.9,76.64,202.34
5-Feb-19,2724.87,135.79,615.65,53.1,306.9,83,210.03
6-Feb-19,2737.7,137.22,613.1,55.9,308,83.44,210.92
7-Feb-19,2731.61,133.12,604.6,55.6,303.4,79.94,203.8
8-Feb-19,2706.05,129.37,581.9,54.4,299.7,78.22,201.06
12-Feb-19,2709.8,136.67,584.6,58.9,291.7,80.73,205.54
13-Feb-19,2744.73,138.5,605.55,58.55,305.55,82.8,210.83
14-Feb-19,2753.03,133.42,599.55,57.8,309.3,80.39,203.8
15-Feb-19,2745.73,134.4,605.2,57.75,320.95,80.78,208.99
19-Feb-19,2745.73,132.28,594.1,56.9,322.1,80.14,204.79
20-Feb-19,2779.76,126.9,580.9,54.1,330.9,76.64,193.56
21-Feb-19,2784.7,129.32,588.5,55.5,338.7,76.24,193.28
22-Feb-19,2774.88,126.16,578.4,53.25,331.75,73.38,191.58
26-Feb-19,2796.11,129.81,578.15,53.45,321.4,74.62,194.7
27-Feb-19,2793.9,128.09,567.2,53.25,319.5,74.96,196.06
28-Feb-19,2792.38,122.85,561,51.05,323,71.76,195.92
1-Mar-19,2784.49,119.25,554.2,50.75,309.35,68.06,185.55
5-Mar-19,2792.81,119.25,554.2,50.75,309.35,68.06,185.55
6-Mar-19,2789.65,119.25,554.2,50.75,309.35,68.06,185.55
7-Mar-19,2771.45,107.35,502.25,47.55,309.05,60.61,167.95
8-Mar-19,2748.93,107.7,541.95,50.1,324.3,62.63,174.46
12-Mar-19,2783.3,112.04,560.7,50.6,328.25,62.09,185.55
13-Mar-19,2791.52,110.37,568,49.65,327.7,61.15,178.38
14-Mar-19,2810.92,112.19,576.1,50.7,337.85,60.71,182.58
15-Mar-19,2808.48,109.92,571.5,48.85,333.1,59.13,180.83
19-Mar-19,2832.94,116.29,584.9,52.6,340.75,63.17,195.26
20-Mar-19,2832.57,114.86,577.95,50.7,350.09,60.02,197.39
21-Mar-19,2824.23,116.24,592.45,51.9,359.14,59.48,202.76
22-Mar-19,2854.88,113.92,593.5,50.8,348.74,57.8,198.05
26-Mar-19,2798.36,111.65,580.15,47.85,335.15,54.89,187.1
27-Mar-19,2818.46,106.56,589.35,46.7,348.2,52.67,184.37
28-Mar-19,2805.37,105.23,591.1,45.75,340.45,52.23,177.39
29-Mar-19,2815.44,107.45,595.4,47.35,346.95,53.11,181.49
2-Apr-19,2867.19,107.21,616.15,45.9,341.8,51.78,189.37
3-Apr-19,2867.24,107.21,616.15,45.9,341.8,51.78,189.37
4-Apr-19,2873.4,102.76,614.7,44.2,336.05,48.72,173.71
5-Apr-19,2879.39,105.68,629.65,44,351.59,50.06,179.13
9-Apr-19,2895.77,109.18,652.15,44.65,369.64,54.79,194.7
10-Apr-19,2878.2,103.8,637.05,42.5,366.89,51.34,188.33
11-Apr-19,2888.21,107.31,641.95,42.5,365.39,50.55,194.56
12-Apr-19,2888.32,104.34,632,41.15,352.49,50.65,185.88
16-Apr-19,2905.58,109.67,623.2,41.5,312.2,50.65,194.98
17-Apr-19,2907.06,109.38,638.15,42.2,329.7,50.89,198.09
18-Apr-19,2900.45,109.08,631.9,41.35,324.95,50.5,202.62
19-Apr-19,2905.03,109.08,631.9,41.35,324.95,50.5,202.62
23-Apr-19,2907.97,102.52,615,40,333.2,47.05,190.5
24-Apr-19,2933.68,102.67,629.4,39.85,337.1,47.25,188.38
25-Apr-19,2927.25,95.66,624.65,38.3,337.55,43.65,179.09
26-Apr-19,2926.17,94.03,612.5,38.7,348.35,46.51,175.5
30-Apr-19,2943.03,93.98,586.35,36.2,338.05,44.34,167.77
1-May-19,2945.83,95.71,600,37.45,337.75,44.24,170.27
2-May-19,2923.73,95.71,600,37.45,337.75,44.24,170.27
3-May-19,2917.52,102.67,610.25,39.2,333.45,47.44,186.02
7-May-19,2932.47,107.85,659.2,42.15,331.8,51.29,203
8-May-19,2884.05,105.35,669,41.45,334.35,48.23,196.68
9-May-19,2879.42,111.1,679,43,345.05,49.27,202.15
10-May-19,2870.72,113.9,682,43,335.05,49.27,204.13
14-May-19,2811.87,107.4,641.65,40.55,323.4,47,192.46
15-May-19,2834.41,108.85,657.75,40.85,324.5,47.45,194.34
16-May-19,2850.96,111.9,684.4,41.8,317.65,49.65,198
17-May-19,2876.32,114.95,704.35,42.65,310.65,50.85,207.35
21-May-19,2840.23,112.6,699.1,41.9,310.25,49.7,208.3
22-May-19,2864.36,117.25,687.65,45,318.25,54.7,218.15
23-May-19,2856.27,117.55,685,46.15,322,53.1,220.95
24-May-19,2822.24,117.65,674.95,45.85,317.4,52.25,219.8
28-May-19,2822.24,119.85,699.4,48.35,321.4,53.4,227.75
29-May-19,2802.39,115.8,698.4,46.5,322.3,53.9,218
30-May-19,2783.02,114.15,669.8,46.15,324.85,54,215.55
31-May-19,2788.86,115.95,669.95,46.65,323.7,53.95,223.4
4-Jun-19,2744.45,112.1,670.25,45.6,332.2,50.45,225.05
5-Jun-19,2803.27,117.9,674.2,47.45,333.95,54,239.15
6-Jun-19,2826.15,121.05,675.35,49.1,329.15,55.4,245.05
7-Jun-19,2843.49,123.9,686.25,49.2,335.25,55.8,249.85
